Workbook
Name Slicer_quality_category: #N/A
Name Slicer_quality_category1: #N/A

Sheet winequality-red(in) (1)
A1: Wine_id | B1: fixed acidity | C1: volatile acidity | D1: citric acid | E1: residual sugar | F1: chlorides | G1: free sulfur dioxide | H1: total sulfur dioxide | I1: density | J1: pH | K1: sulphates | L1: alcohol | M1: quality | N1: quality_category | O1: High_risk | P1: Quality_score_index | Q1: Rank | R1: Sulfur_diff | S1: wine_name
A2: 1 | B2: 7.4 | C2: 0.7 | D2: 0 | E2: 1.9 | F2: 0.076 | G2: 11 | H2: 34 | I2: 0.9978 | J2: 3.51 | K2: 0.56 | L2: 9.4 | M2: 5 | N2: {=_xlfn.IFS(Table1[[#This Row],[quality]]<=4,"Low",Table1[[#This Row],[quality]]<=6,"Medium",Table1[[#This Row],[quality]]>=7,"High")} -> Medium | O2: =IF(AND(Table1[[#This Row],[fixed acidity]]>Sheet1!$C$4,Table1[[#This Row],[pH]]<Sheet1!$K$4),"High","Normal") -> Normal | P2: =(Table1[[#This Row],[alcohol]]*2)+(Table1[[#This Row],[sulphates]]*1.5)-(Table1[[#This Row],[volatile acidity]]*2) -> 18.24 | Q2: =RANK(Table1[[#This Row],[Quality_score_index]],Table1[Quality_score_index],0) -> 1470 | R2: =Table1[[#This Row],[total sulfur dioxide]]-Table1[[#This Row],[free sulfur dioxide]] -> 23 | S2: =IF(AND(Table1[[#This Row],[pH]]>=3.2,Table1[[#This Row],[alcohol]]>=10),"White wine","Red wine") -> Red wine
A3: 2 | B3: 7.8 | C3: 0.88 | D3: 0 | E3: 2.6 | F3: 0.098 | G3: 25 | H3: 67 | I3: 0.9968 | J3: 3.2 | K3: 0.68 | L3: 9.8 | M3: 5 | N3: {=_xlfn.IFS(Table1[[#This Row],[quality]]<=4,"Low",Table1[[#This Row],[quality]]<=6,"Medium",Table1[[#This Row],[quality]]>=7,"High")} -> Medium | O3: =IF(AND(Table1[[#This Row],[fixed acidity]]>Sheet1!$C$4,Table1[[#This Row],[pH]]<Sheet1!$K$4),"High","Normal") -> Normal | P3: =(Table1[[#This Row],[alcohol]]*2)+(Table1[[#This Row],[sulphates]]*1.5)-(Table1[[#This Row],[volatile acidity]]*2) -> 18.86 | Q3: =RANK(Table1[[#This Row],[Quality_score_index]],Table1[Quality_score_index],0) -> 1222 | R3: =Table1[[#This Row],[total sulfur dioxide]]-Table1[[#This Row],[free sulfur dioxide]] -> 42 | S3: =IF(AND(Table1[[#This Row],[pH]]>=3.2,Table1[[#This Row],[alcohol]]>=10),"White wine","Red wine") -> Red wine
A4: 3 | B4: 7.8 | C4: 0.76 | D4: 0.04 | E4: 2.3 | F4: 0.092 | G4: 15 | H4: 54 | I4: 0.997 | J4: 3.26 | K4: 0.65 | L4: 9.8 | M4: 5 | N4: {=_xlfn.IFS(Table1[[#This Row],[quality]]<=4,"Low",Table1[[#This Row],[quality]]<=6,"Medium",Table1[[#This Row],[quality]]>=7,"High")} -> Medium | O4: =IF(AND(Table1[[#This Row],[fixed acidity]]>Sheet1!$C$4,Table1[[#This Row],[pH]]<Sheet1!$K$4),"High","Normal") -> Normal | P4: =(Table1[[#This Row],[alcohol]]*2)+(Table1[[#This Row],[sulphates]]*1.5)-(Table1[[#This Row],[volatile acidity]]*2) -> 19.055 | Q4: =RANK(Table1[[#This Row],[Quality_score_index]],Table1[Quality_score_index],0) -> 1143 | R4: =Table1[[#This Row],[total sulfur dioxide]]-Table1[[#This Row],[free sulfur dioxide]] -> 39 | S4: =IF(AND(Table1[[#This Row],[pH]]>=3.2,Table1[[#This Row],[alcohol]]>=10),"White wine","Red wine") -> Red wine
A5: 4 | B5: 11.2 | C5: 0.28 | D5: 0.56 | E5: 1.9 | F5: 0.075 | G5: 17 | H5: 60 | I5: 0.998 | J5: 3.16 | K5: 0.58 | L5: 9.8 | M5: 6 | N5: {=_xlfn.IFS(Table1[[#This Row],[quality]]<=4,"Low",Table1[[#This Row],[quality]]<=6,"Medium",Table1[[#This Row],[quality]]>=7,"High")} -> Medium | O5: =IF(AND(Table1[[#This Row],[fixed acidity]]>Sheet1!$C$4,Table1[[#This Row],[pH]]<Sheet1!$K$4),"High","Normal") -> High | P5: =(Table1[[#This Row],[alcohol]]*2)+(Table1[[#This Row],[sulphates]]*1.5)-(Table1[[#This Row],[volatile acidity]]*2) -> 19.91 | Q5: =RANK(Table1[[#This Row],[Quality_score_index]],Table1[Quality_score_index],0) -> 876 | R5: =Table1[[#This Row],[total sulfur dioxide]]-Table1[[#This Row],[free sulfur dioxide]] -> 43 | S5: =IF(AND(Table1[[#This Row],[pH]]>=3.2,Table1[[#This Row],[alcohol]]>=10),"White wine","Red wine") -> Red wine
A6: 5 | B6: 7.4 | C6: 0.7 | D6: 0 | E6: 1.9 | F6: 0.076 | G6: 11 | H6: 34 | I6: 0.9978 | J6: 3.51 | K6: 0.56 | L6: 9.4 | M6: 5 | N6: {=_xlfn.IFS(Table1[[#This Row],[quality]]<=4,"Low",Table1[[#This Row],[quality]]<=6,"Medium",Table1[[#This Row],[quality]]>=7,"High")} -> Medium | O6: =IF(AND(Table1[[#This Row],[fixed acidity]]>Sheet1!$C$4,Table1[[#This Row],[pH]]<Sheet1!$K$4),"High","Normal") -> Normal | P6: =(Table1[[#This Row],[alcohol]]*2)+(Table1[[#This Row],[sulphates]]*1.5)-(Table1[[#This Row],[volatile acidity]]*2) -> 18.24 | Q6: =RANK(Table1[[#This Row],[Quality_score_index]],Table1[Quality_score_index],0) -> 1470 | R6: =Table1[[#This Row],[total sulfur dioxide]]-Table1[[#This Row],[free sulfur dioxide]] -> 23 | S6: =IF(AND(Table1[[#This Row],[pH]]>=3.2,Table1[[#This Row],[alcohol]]>=10),"White wine","Red wine") -> Red wine
A7: 6 | B7: 7.4 | C7: 0.66 | D7: 0 | E7: 1.8 | F7: 0.075 | G7: 13 | H7: 40 | I7: 0.9978 | J7: 3.51 | K7: 0.56 | L7: 9.4 | M7: 5 | N7: {=_xlfn.IFS(Table1[[#This Row],[quality]]<=4,"Low",Table1[[#This Row],[quality]]<=6,"Medium",Table1[[#This Row],[quality]]>=7,"High")} -> Medium | O7: =IF(AND(Table1[[#This Row],[fixed acidity]]>Sheet1!$C$4,Table1[[#This Row],[pH]]<Sheet1!$K$4),"High","Normal") -> Normal | P7: =(Table1[[#This Row],[alcohol]]*2)+(Table1[[#This Row],[sulphates]]*1.5)-(Table1[[#This Row],[volatile acidity]]*2) -> 18.32 | Q7: =RANK(Table1[[#This Row],[Quality_score_index]],Table1[Quality_score_index],0) -> 1448 | R7: =Table1[[#This Row],[total sulfur dioxide]]-Table1[[#This Row],[free sulfur dioxide]] -> 27 | S7: =IF(AND(Table1[[#This Row],[pH]]>=3.2,Table1[[#This Row],[alcohol]]>=10),"White wine","Red wine") -> Red wine
A8: 7 | B8: 7.9 | C8: 0.6 | D8: 0.06 | E8: 1.6 | F8: 0.069 | G8: 15 | H8: 59 | I8: 0.9964 | J8: 3.3 | K8: 0.46 | L8: 9.4 | M8: 5 | N8: {=_xlfn.IFS(Table1[[#This Row],[quality]]<=4,"Low",Table1[[#This Row],[quality]]<=6,"Medium",Table1[[#This Row],[quality]]>=7,"High")} -> Medium | O8: =IF(AND(Table1[[#This Row],[fixed acidity]]>Sheet1!$C$4,Table1[[#This Row],[pH]]<Sheet1!$K$4),"High","Normal") -> Normal | P8: =(Table1[[#This Row],[alcohol]]*2)+(Table1[[#This Row],[sulphates]]*1.5)-(Table1[[#This Row],[volatile acidity]]*2) -> 18.29 | Q8: =RANK(Table1[[#This Row],[Quality_score_index]],Table1[Quality_score_index],0) -> 1455 | R8: =Table1[[#This Row],[total sulfur dioxide]]-Table1[[#This Row],[free sulfur dioxide]] -> 44 | S8: =IF(AND(Table1[[#This Row],[pH]]>=3.2,Table1[[#This Row],[alcohol]]>=10),"White wine","Red wine") -> Red wine
A9: 8 | B9: 7.3 | C9: 0.65 | D9: 0 | E9: 1.2 | F9: 0.065 | G9: 15 | H9: 21 | I9: 0.9946 | J9: 3.39 | K9: 0.47 | L9: 10 | M9: 7 | N9: {=_xlfn.IFS(Table1[[#This Row],[quality]]<=4,"Low",Table1[[#This Row],[quality]]<=6,"Medium",Table1[[#This Row],[quality]]>=7,"High")} -> High | O9: =IF(AND(Table1[[#This Row],[fixed acidity]]>Sheet1!$C$4,Table1[[#This Row],[pH]]<Sheet1!$K$4),"High","Normal") -> Normal | P9: =(Table1[[#This Row],[alcohol]]*2)+(Table1[[#This Row],[sulphates]]*1.5)-(Table1[[#This Row],[volatile acidity]]*2) -> 19.405 | Q9: =RANK(Table1[[#This Row],[Quality_score_index]],Table1[Quality_score_index],0) -> 1003 | R9: =Table1[[#This Row],[total sulfur dioxide]]-Table1[[#This Row],[free sulfur dioxide]] -> 6 | S9: =IF(AND(Table1[[#This Row],[pH]]>=3.2,Table1[[#This Row],[alcohol]]>=10),"White wine","Red wine") -> White wine
A10: 9 | B10: 7.8 | C10: 0.58 | D10: 0.02 | E10: 2 | F10: 0.073 | G10: 9 | H10: 18 | I10: 0.9968 | J10: 3.36 | K10: 0.57 | L10: 9.5 | M10: 7 | N10: {=_xlfn.IFS(Table1[[#This Row],[quality]]<=4,"Low",Table1[[#This Row],[quality]]<=6,"Medium",Table1[[#This Row],[quality]]>=7,"High")} -> High | O10: =IF(AND(Table1[[#This Row],[fixed acidity]]>Sheet1!$C$4,Table1[[#This Row],[pH]]<Sheet1!$K$4),"High","Normal") -> Normal | P10: =(Table1[[#This Row],[alcohol]]*2)+(Table1[[#This Row],[sulphates]]*1.5)-(Table1[[#This Row],[volatile acidity]]*2) -> 18.695 | Q10: =RANK(Table1[[#This Row],[Quality_score_index]],Table1[Quality_score_index],0) -> 1294 | R10: =Table1[[#This Row],[total sulfur dioxide]]-Table1[[#This Row],[free sulfur dioxide]] -> 9 | S10: =IF(AND(Table1[[#This Row],[pH]]>=3.2,Table1[[#This Row],[alcohol]]>=10),"White wine","Red wine") -> Red wine
A11: 10 | B11: 7.5 | C11: 0.5 | D11: 0.36 | E11: 6.1 | F11: 0.071 | G11: 17 | H11: 102 | I11: 0.9978 | J11: 3.35 | K11: 0.8 | L11: 10.5 | M11: 5 | N11: {=_xlfn.IFS(Table1[[#This Row],[quality]]<=4,"Low",Table1[[#This Row],[quality]]<=6,"Medium",Table1[[#This Row],[quality]]>=7,"High")} -> Medium | O11: =IF(AND(Table1[[#This Row],[fixed acidity]]>Sheet1!$C$4,Table1[[#This Row],[pH]]<Sheet1!$K$4),"High","Normal") -> Normal | P11: =(Table1[[#This Row],[alcohol]]*2)+(Table1[[#This Row],[sulphates]]*1.5)-(Table1[[#This Row],[volatile acidity]]*2) -> 21.2 | Q11: =RANK(Table1[[#This Row],[Quality_score_index]],Table1[Quality_score_index],0) -> 602 | R11: =Table1[[#This Row],[total sulfur dioxide]]-Table1[[#This Row],[free sulfur dioxide]] -> 85 | S11: =IF(AND(Table1[[#This Row],[pH]]>=3.2,Table1[[#This Row],[alcohol]]>=10),"White wine","Red wine") -> White wine
A12: 11 | B12: 6.7 | C12: 0.58 | D12: 0.08 | E12: 1.8 | F12: 0.097 | G12: 15 | H12: 65 | I12: 0.9959 | J12: 3.28 | K12: 0.54 | L12: 9.2 | M12: 5 | N12: {=_xlfn.IFS(Table1[[#This Row],[quality]]<=4,"Low",Table1[[#This Row],[quality]]<=6,"Medium",Table1[[#This Row],[quality]]>=7,"High")} -> Medium | O12: =IF(AND(Table1[[#This Row],[fixed acidity]]>Sheet1!$C$4,Table1[[#This Row],[pH]]<Sheet1!$K$4),"High","Normal") -> Normal | P12: =(Table1[[#This Row],[alcohol]]*2)+(Table1[[#This Row],[sulphates]]*1.5)-(Table1[[#This Row],[volatile acidity]]*2) -> 18.05 | Q12: =RANK(Table1[[#This Row],[Quality_score_index]],Table1[Quality_score_index],0) -> 1513 | R12: =Table1[[#This Row],[total sulfur dioxide]]-Table1[[#This Row],[free sulfur dioxide]] -> 50 | S12: =IF(AND(Table1[[#This Row],[pH]]>=3.2,Table1[[#This Row],[alcohol]]>=10),"White wine","Red wine") -> Red wine
A13: 12 | B13: 7.5 | C13: 0.5 | D13: 0.36 | E13: 6.1 | F13: 0.071 | G13: 17 | H13: 102 | I13: 0.9978 | J13: 3.35 | K13: 0.8 | L13: 10.5 | M13: 5 | N13: {=_xlfn.IFS(Table1[[#This Row],[quality]]<=4,"Low",Table1[[#This Row],[quality]]<=6,"Medium",Table1[[#This Row],[quality]]>=7,"High")} -> Medium | O13: =IF(AND(Table1[[#This Row],[fixed acidity]]>Sheet1!$C$4,Table1[[#This Row],[pH]]<Sheet1!$K$4),"High","Normal") -> Normal | P13: =(Table1[[#This Row],[alcohol]]*2)+(Table1[[#This Row],[sulphates]]*1.5)-(Table1[[#This Row],[volatile acidity]]*2) -> 21.2 | Q13: =RANK(Table1[[#This Row],[Quality_score_index]],Table1[Quality_score_index],0) -> 602 | R13: =Table1[[#This Row],[total sulfur dioxide]]-Table1[[#This Row],[free sulfur dioxide]] -> 85 | S13: =IF(AND(Table1[[#This Row],[pH]]>=3.2,Table1[[#This Row],[alcohol]]>=10),"White wine","Red wine") -> White wine
... A1600: 1599 | B1600: 6 | C1600: 0.31 | D1600: 0.47 | E1600: 3.6 | F1600: 0.067 | G1600: 18 | H1600: 42 | I1600: 0.99549 | J1600: 3.39 | K1600: 0.66 | L1600: 11 | M1600: 6 | N1600: {=_xlfn.IFS(Table1[[#This Row],[quality]]<=4,"Low",Table1[[#This Row],[quality]]<=6,"Medium",Table1[[#This Row],[quality]]>=7,"High")} -> Medium | O1600: =IF(AND(Table1[[#This Row],[fixed acidity]]>Sheet1!$C$4,Table1[[#This Row],[pH]]<Sheet1!$K$4),"High","Normal") -> Normal | P1600: =(Table1[[#This Row],[alcohol]]*2)+(Table1[[#This Row],[sulphates]]*1.5)-(Table1[[#This Row],[volatile acidity]]*2) -> 22.37 | Q1600: =RANK(Table1[[#This Row],[Quality_score_index]],Table1[Quality_score_index],0) -> 397 | R1600: =Table1[[#This Row],[total sulfur dioxide]]-Table1[[#This Row],[free sulfur dioxide]] -> 24 | S1600: =IF(AND(Table1[[#This Row],[pH]]>=3.2,Table1[[#This Row],[alcohol]]>=10),"White wine","Red wine") -> White wine

Sheet Sheet1
A2: Calculate the following statistics for each numeric variable using formulas:
C3: fixed acidity | D3: volatile acidity | E3: citric acid | F3: residual sugar | G3: chlorides | H3: free sulfur dioxide | I3: total sulfur dioxide | J3: density | K3: pH | L3: sulphates | M3: alcohol
B4: Average | C4: =AVERAGE('winequality-red(in) (1)'!B2:B1600) -> 8.3196373 | D4: =AVERAGE('winequality-red(in) (1)'!C2:C1600) -> 0.52782051 | E4: =AVERAGE('winequality-red(in) (1)'!D2:D1600) -> 0.27097561 | F4: =AVERAGE('winequality-red(in) (1)'!E2:E1600) -> 2.5388055 | G4: =AVERAGE('winequality-red(in) (1)'!F2:F1600) -> 0.087466542 | H4: =AVERAGE('winequality-red(in) (1)'!G2:G1600) -> 15.874922 | I4: =AVERAGE('winequality-red(in) (1)'!H2:H1600) -> 46.467792 | J4: =AVERAGE('winequality-red(in) (1)'!I2:I1600) -> 0.99674668 | ... M4: =AVERAGE('winequality-red(in) (1)'!L2:L1600) -> 10.422983
B5: Medium | C5: =MEDIAN('winequality-red(in) (1)'!B2:B1600) -> 7.9 | D5: =MEDIAN('winequality-red(in) (1)'!C2:C1600) -> 0.52 | E5: =MEDIAN('winequality-red(in) (1)'!D2:D1600) -> 0.26 | F5: =MEDIAN('winequality-red(in) (1)'!E2:E1600) -> 2.2 | G5: =MEDIAN('winequality-red(in) (1)'!F2:F1600) -> 0.079 | H5: =MEDIAN('winequality-red(in) (1)'!G2:G1600) -> 14 | I5: =MEDIAN('winequality-red(in) (1)'!H2:H1600) -> 38 | J5: =MEDIAN('winequality-red(in) (1)'!I2:I1600) -> 0.99675 | ... M5: =MEDIAN('winequality-red(in) (1)'!L2:L1600) -> 10.2
B6: STDV | C6: =_xlfn.STDEV.S('winequality-red(in) (1)'!B2:B1600) -> 1.7410963 | D6: =_xlfn.STDEV.S('winequality-red(in) (1)'!C2:C1600) -> 0.1790597 | E6: =_xlfn.STDEV.S('winequality-red(in) (1)'!D2:D1600) -> 0.19480114 | F6: =_xlfn.STDEV.S('winequality-red(in) (1)'!E2:E1600) -> 1.4099281 | G6: =_xlfn.STDEV.S('winequality-red(in) (1)'!F2:F1600) -> 0.047065302 | H6: =_xlfn.STDEV.S('winequality-red(in) (1)'!G2:G1600) -> 10.460157 | I6: =_xlfn.STDEV.S('winequality-red(in) (1)'!H2:H1600) -> 32.895324 | J6: =_xlfn.STDEV.S('winequality-red(in) (1)'!I2:I1600) -> 0.001887334 | ... M6: =_xlfn.STDEV.S('winequality-red(in) (1)'!L2:L1600) -> 1.0656676
B7: Minimum | C7: =MIN('winequality-red(in) (1)'!B2:B1600) -> 4.6 | D7: =MIN('winequality-red(in) (1)'!C2:C1600) -> 0.12 | E7: =MIN('winequality-red(in) (1)'!D2:D1600) -> 0 | F7: =MIN('winequality-red(in) (1)'!E2:E1600) -> 0.9 | G7: =MIN('winequality-red(in) (1)'!F2:F1600) -> 0.012 | H7: =MIN('winequality-red(in) (1)'!G2:G1600) -> 1 | I7: =MIN('winequality-red(in) (1)'!H2:H1600) -> 6 | J7: =MIN('winequality-red(in) (1)'!I2:I1600) -> 0.99007 | ... M7: =MIN('winequality-red(in) (1)'!L2:L1600) -> 8.4
B8: Maximum | C8: =MAX('winequality-red(in) (1)'!B2:B1600) -> 15.9 | D8: =MAX('winequality-red(in) (1)'!C2:C1600) -> 1.58 | E8: =MAX('winequality-red(in) (1)'!D2:D1600) -> 1 | F8: =MAX('winequality-red(in) (1)'!E2:E1600) -> 15.5 | G8: =MAX('winequality-red(in) (1)'!F2:F1600) -> 0.611 | H8: =MAX('winequality-red(in) (1)'!G2:G1600) -> 72 | I8: =MAX('winequality-red(in) (1)'!H2:H1600) -> 289 | J8: =MAX('winequality-red(in) (1)'!I2:I1600) -> 1.00369 | ... M8: =MAX('winequality-red(in) (1)'!L2:L1600) -> 14.9
B11: Percentage of wines in each quality category.
C12: Low | D12: =(COUNTIF(Table1[quality_category],"Low")/COUNTA(Table1[quality_category])*100) -> 3.9399625
C13: Medium | D13: =(COUNTIF(Table1[quality_category],"Medium")/COUNTA(Table1[quality_category])*100) -> 82.489056
C14: High | D14: =(COUNTIF(Table1[quality_category],"High")/COUNTA(Table1[quality_category])*100) -> 13.570982
C16: Use XLOOKUP or INDEX-MATCH to retrieve the Alcohol value of the top-ranked wine.
D17: Xlookup | E17: =_xlfn.XLOOKUP(1,Table1[Rank],Table1[alcohol]) -> 14.9
D18: Index-match | E18: =INDEX(Table1[alcohol],MATCH(1,Table1[Rank],0)) -> 14.9
C20: Use the CORREL function to determine the correlation between:
C21: Alcohol and Quality | E21: =CORREL(Table1[alcohol],Table1[quality]) -> 0.47616632
C22: pH and Quality | E22: =CORREL(Table1[pH],Table1[quality]) -> -0.057731391
C23: Volatile Acidity and Quality. | E23: =CORREL(Table1[volatile acidity],Table1[quality]) -> -0.39055778

Sheet Sheet2
B3: Row Labels | C3: Average of alcohol | F3: =AVERAGE(Table1[Quality_score_index]) -> 20.777548
B4: High | C4: 11.518049
B5: Low | C5: 10.215873 | G5: Row Labels | H5: Average of alcohol | I5: Average of citric acid | J5: Average of volatile acidity | K5: Average of pH
B6: Medium | C6: 10.252717 | G6: High | H6: 11.518049 | I6: 0.3764977 | J6: 0.40552995 | K6: 3.2888018
B7: Grand Total | C7: 10.422983 | D7: =GETPIVOTDATA("alcohol",$B$3) -> 10.422983 | G7: Low | H7: 10.215873 | I7: 0.17365079 | J7: 0.72420635 | K7: 3.384127 | N7: Row Labels | O7: Sum of Quality_score_index
G8: Medium | H8: 10.252717 | I8: 0.25826384 | J8: 0.53855951 | K8: 3.3112964 | N8: 653 | O8: 30.34 | Q8: =GETPIVOTDATA("Quality_score_index",$N$7,"Wine_id",653) -> 30.34
G9: Grand Total | H9: 10.422983 | I9: 0.27097561 | J9: 0.52782051 | K9: 3.3111132 | N9: Red wine | O9: 30.34
B10: Row Labels | C10: Average of pH | N10: 145 | O10: 28.505
B11: High | C11: 3.2888018 | N11: White wine | O11: 28.505
B12: Low | C12: 3.384127 | E12: highest alcohol value | F12: =MAX(Table1[alcohol]) -> 14.9 | N12: 143 | O12: 28.505
B13: Medium | C13: 3.3112964 | E13: lowest ph value | F13: =MIN(Table1[pH]) -> 2.74 | N13: White wine | O13: 28.505
B14: Grand Total | C14: 3.3111132 | D14: =GETPIVOTDATA("pH",$B$10) -> 3.3111132 | E14: most common category | F14: {=INDEX(Table1[quality_category],MODE(MATCH(Table1[quality_category],Table1[quality_category],0)))} -> Medium | N14: 1271 | O14: 28.365
N15: White wine | O15: 28.365
B16: Row Labels | C16: Count of wines | N16: 589 | O16: 28.27
B17: High | C17: 217 | N17: White wine | O17: 28.27
B18: Low | C18: 63 | J18: Row Labels | K18: Average of citric acid | L18: Average of volatile acidity | N18: 822 | O18: 28.27
B19: Medium | C19: 1319 | J19: High | K19: 0.3764977 | L19: 0.40552995 | N19: White wine | O19: 28.27
B20: Grand Total | C20: 1599 | D20: =GETPIVOTDATA("fixed acidity",$B$16) -> 1599 | J20: Low | K20: 0.17365079 | L20: 0.72420635 | N20: 468 | O20: 28.265
J21: Medium | K21: 0.25826384 | L21: 0.53855951 | N21: White wine | O21: 28.265
J22: Grand Total | K22: 0.27097561 | L22: 0.52782051 | N22: 1270 | O22: 28.25
B23: Row Labels | C23: Average of citric acid | D23: Average of volatile acidity | F23: Row Labels | G23: Average of citric acid | H23: Average of volatile acidity | N23: White wine | O23: 28.25
B24: High | C24: 0.3764977 | D24: 0.40552995 | F24: High | G24: 0.3764977 | H24: 0.40552995 | N24: 1133 | O24: 27.8
B25: Low | C25: 0.17365079 | D25: 0.72420635 | F25: Low | G25: 0.17365079 | H25: 0.72420635 | N25: White wine | O25: 27.8
B26: Medium | C26: 0.25826384 | D26: 0.53855951 | F26: Medium | G26: 0.25826384 | H26: 0.53855951 | K26: Row Labels | L26: Count of Wine_id | N26: 1478 | O26: 27.58
B27: Grand Total | C27: 0.27097561 | D27: 0.52782051 | F27: Grand Total | G27: 0.27097561 | H27: 0.52782051 | K27: Red wine | L27: 848 | N27: White wine | O27: 27.58
K28: White wine | L28: 751
K29: Grand Total | L29: 1599

Sheet Sheet3

Sheet Sheet4
